DELETE
FROM transactions;
DELETE
FROM consumable;
DELETE
FROM categories;
DELETE
FROM users_roles;
DELETE
FROM roles;
DELETE
FROM users;

INSERT INTO users (id, email, password, name, comment)
VALUES ('0d9b7adf-7879-4c4d-915f-d7cb0419028a', 'admin@domain.com',
        '$2a$12$tZtd7BHTDRjqSUsvB4uSSuvOiQUnPNkSRWxLx6o0xwEBfsrjs4ruW', 'Администратор1', ''),
       ('974fd922-c6e7-4950-ad5b-68be50a2b5ce', 'admin2@domain.com',
        '$2a$12$tZtd7BHTDRjqSUsvB4uSSuvOiQUnPNkSRWxLx6o0xwEBfsrjs4ruW', 'Александр Петров', ''),
       ('63ee60d7-b779-45bd-89a6-f3607ccab181', 'user1@domain.com',
        '$2a$12$tZtd7BHTDRjqSUsvB4uSSuvOiQUnPNkSRWxLx6o0xwEBfsrjs4ruW', 'Пользователь1', ''),
       ('ccd9ef15-e9ac-4a7a-8f36-33d621ef3b91', 'user2@domain.com',
        '$2a$12$tZtd7BHTDRjqSUsvB4uSSuvOiQUnPNkSRWxLx6o0xwEBfsrjs4ruW', 'Лидия Славина', '');


INSERT INTO roles (id, name)
VALUES (1000001, 'Администратор системы'),
       (1000002, 'Пользователь системы');

INSERT INTO users_roles (role_id, user_id)
VALUES (1000001, '0d9b7adf-7879-4c4d-915f-d7cb0419028a'),
       (1000002, '0d9b7adf-7879-4c4d-915f-d7cb0419028a'),
       (1000001, '974fd922-c6e7-4950-ad5b-68be50a2b5ce'),
       (1000002, '974fd922-c6e7-4950-ad5b-68be50a2b5ce'),
       (1000002, '63ee60d7-b779-45bd-89a6-f3607ccab181'),
       (1000002, 'ccd9ef15-e9ac-4a7a-8f36-33d621ef3b91');

INSERT INTO categories (id, name)
VALUES (100000, 'Тонер-картриджи: Прочие черные'),
       (100002, 'Барабаны'),
       (100003, 'Кабель силовой'),
       (100004, 'Кабель слаботочный для видео'),
       (100005, 'Кабель слаботочный UTP'),
       (100006, 'Манипуляторы мышь'),
       (100007, 'Клавиатуры'),
       (100008, 'Комплектующие - HDD'),
       (100009, 'Комплектующие - SSD'),
       (100010, 'Мониторы'),
       (100011, 'Тонер-картриджи: 285|435|436|712|725'),
       (100012, 'Тонер-картриджи: 278|728'),
       (100013, 'Тонер-картриджи: C-EXV18'),
       (100015, 'Тонер-картриджи: 505A'),
       (100016, 'Тонер-картриджи: 225X'),
       (100017, 'Тонер-картриджи: 505X|EXV40'),
       (100018, 'Тонер-картриджи: 283A'),
       (100019, 'Тонер-картриджи: 214X'),
       (100020, 'Тонер-картриджи: 226X'),
       (100021, 'Тонер-картриджи: 12A|FX-10|703'),
       (100022, 'Тонер-картриджи: TK340'),
       (100023, 'Тонер-картриджи: TK435'),
       (100024, 'Тонер-картриджи: TN-2375'),
       (100026, 'Тонер-картриджи цветные: прочие'),
       (100027, 'Тонер-картриджи: C-EXV14'),
       (100028, 'Тонер-картриджи: C-EXV23'),
       (100029, 'Тонер-картриджи: C-EXV33'),
       (100030, 'Тонер-картриджи: 53A|53X'),
       (100031, 'Тонер-картриджи: 006R01179'),
       (100032, 'Тонер-картриджи: 006R01278'),
       (100033, 'Тонер-картриджи: 013R00589'),
       (100034, 'Тонер-картриджи: 106R01277'),
       (100035, 'Тонер-картриджи: 106R01374'),
       (100036, 'Тонер-картриджи: 106R01412'),
       (100037, 'Тонер-картриджи: 106R01487'),
       (100038, 'Тонер-картриджи: 106R02183'),
       (100039, 'Тонер-картриджи: 108R00908|909'),
       (100040, 'Тонер-картриджи: 106R01379'),
       (100041, 'Тонер-картриджи: 109R00747'),
       (100042, 'Тонер-картриджи: 113R00671'),
       (100043, 'Тонер-картриджи цветные: 729 '),
       (100044, 'Тонер-картриджи цветные: 304A|305A'),
       (100045, 'Тонер-картриджи цветные: 130A'),
       (100046, 'Тонер-картриджи цветные: 126A'),
       (100047, 'Тонер-картриджи: MLT-D101S'),
       (100048, 'Тонер-картриджи: MLT-D104S'),
       (100049, 'Тонер-картриджи: MLT-D105S'),
       (100050, 'Тонер-картриджи: MLT-D109S'),
       (100051, 'Тонер-картриджи: MLT-D111S'),
       (100052, 'Тонер-картриджи: MLT-D119S');
